ResponseId,id
Response ID,id
"{""ImportId"":""_recordId""}","{""ImportId"":""id""}"
R_3kpkeubEVJMXVeY,
R_2rORoun447CrzQB,cbafsj
R_2QSquguoMN5Dj7A,cbafsj
R_u1yNIpPNbXY8GXv,
R_2Yn2e6TZ2jGGDgh,cbafsj
R_V3IqeSnvscmn2Mx,cbafsj
R_scHLCigTnnJHMVb,cbafsj
R_31vJynnHBul11qv,cbafsj
R_2WSDtOHMY0iEfyB,cbafsj
R_2cwK8CipTzDoJhf,cbafsj
R_31cuvH38jf2jrSO,cbafsj
R_1d5o1BTeoMehQmy,cbafsj
R_1IbcjqKrfKPAf4k,cbafsj
R_2EayGuVVnIUnYUP,cbafsj
R_QghTi29Xndqrr6F,cbafsj
R_djpl1kBAdVtvcu5,cbafsj
R_BWZK3VeYjuwe73b,cbafsj
R_24HrPR6hhGodUU2,cbafsj
R_1pMQ5Wp3nvhCPeS,cbafsj
R_1Dx7aNwsImH8Ymm,cbafsj
R_2OOsOqrqaBTBbOC,cbafsj
R_TmWxrFU7K83P6UN,cbafsj
R_2QJJVWhmgGgO1Hx,cbafsj
R_2fiX6Cr8V61UoyO,cbafsj
R_3ekOB0qgv4h9UcW,cbafsj
R_2P1Cd1UaIQSMRo6,cbafsj
R_3DnYKTNotWcDO2J,cbafsj
R_1kUoBO97aEaYkAN,cbafsj
R_2R3ASb0srirMkih,cbafsj
R_1PbDV0bAWiVVTj7,cbafsj
R_1ISCgHGu9VP40M8,cbafsj
R_oYqZJhQoVIdTObD,cbafsj
R_3dRkpMbQS0cGnq6,cbafsj
R_qCvkMZVkpwqZAVr,cbafsj
R_23eMi9tREzs3xTh,cbafsj
R_DvmmV7z2fmJ69fb,cbafsj
R_2BfIDrbZGrMAQDL,cbafsj
R_1NzxEvvAe0C8O9W,cbafsj
R_2tMyWyXAnzNcCwl,cbafsj
R_3r22KQXla4vvbzS,cbafsj
R_2AKJXrB0d3R9GKZ,cbafsj
R_3m2DlOupco0ILHu,cbafsj
R_1F3Yr6S1FAsxpVp,cbafsj
R_302h0mlSYzYMgaz,cbafsj
R_2vY9DPRdAfVkRMe,cbafsj
R_1MXLFRa4rkKt20c,cbafsj
R_1DMCFmK3YqbC2X0,cbafsj
R_2aawiHJF8iQP8x4,cbafsj
R_2TUl3mmvtnPURp1,cbafsj
R_2sWQf9SA3gyJ3bl,cbafsj
R_3NR2GzDtJvWnxVx,cbafsj
R_2rSm2RYP6qrs26L,cbafsj
R_2dYconHmLx9DHCh,cbafsj
R_2BySZQymZp68JjN,cbafsj
R_1OiNHItWLQhSQZu,cbafsj
R_2tLSXgtOyADAn8I,cbafsj
R_2dY2M2PZDYg3QOY,cbafsj
R_0qsWcKsxQ5DMaD7,cbafsj
R_2B9GWabpyyFxKnJ,cbafsj
R_1mquxpzqO154HvP,9244
R_sbzFZuUqtaBaCR3,9244
R_3Db9GpUuKV9bATZ,1234
R_2zo1aIOrEzj31Mt,alex_hughes
R_2Ww2RqGNH9yctjs,cbafsj
R_xFAxhuwNve1qvOp,
R_3qe5vira5vFiYOW,cbafsj
R_21gN207HSdeja1t,cbafsj
R_1PaTouXujEuwlqR,cbafsj
R_2PALXRePS8B62fv,cbafsj
R_2Wv5Vcff1y9HWcD,cbafsj
R_stEIdugC439cttD,cbafsj
R_1po0s9GkeDfy9Kx,cbafsj
R_vVaxtLjlMcDxiQF,cbafsj
R_1gLsqvHMIyLieBe,cbafsj
R_1n2e8L6X4FLpJGC,cbafsj
R_1GQeRzTQdzUzQvS,cbafsj
R_2bHwouzVoG1Mcyo,cbafsj
R_2zoRkKyJgsewaNb,cbafsj
R_3EX6ffL63FI4Rm5,cbafsj
R_3PhFt6wfKWlz3LM,0101
R_22SmK7qgpdwWIDV,9244
R_vHOEFYCTK5dtu6Z,cbafsj
R_3fOa4QVxUnOCVUD,
R_2CNzw7SSPxXdTgb,cbafsj
R_PBCvJbaLgU7g77P,9244
R_22zA01c2diENyUz,49843
R_1Q61QXC0zojXPxv,46923
R_2aEkwwQbbKwsYtO,46238
R_12bU7EoHhLwkg7O,49857
R_D2zYJ3WYAmSkh8Z,41506
R_W6WkEtlxod17E0p,44598
R_3Iago0xQQlcWuP9,44627
R_dieeznCPjaPVmff,44679
R_3KYNqztzM9gBIEn,48551
R_0qSn3nqqNdyuUbn,42787
R_1pAUUShPjNuOSSF,41803
R_3efYIGDu7Wy2QPC,49253
R_2Pcao1Tm85ZNmMn,48147
R_2Eyl6nxv5IsyY0p,43419
R_2uBkmnrVBqmJD5D,51425
R_3HwAIcIQCuIB9yE,42317
R_1d4YWc0TvCfoPu8,39778
R_2EtbVFSHJITzK2c,50375
R_1C6YnIrszG5DFxT,48500
R_2f28LmwpHRhzGaA,48459
R_tWzSbHe6cq7Hp0R,47530
R_3CWtAv38XvTW8GB,50638
R_ZHHRPrE2F70FVPr,48190
R_1OpCt8qlTxxcP62,36418
R_3dX338fKutoIBYn,51394
R_6JBVrsIebCCCMTL,43115
R_1goHUtdplR1QKGO,49012
R_zV8lsX017nCETBv,50463
R_1M6sGEoxEcrNxIW,50548
R_3exf2HoG6vR1XU0,48916
R_3k4IAdGCQt8CkzI,51191
R_1oBDCCRj8Z02790,50131
R_3iqZ3CWLzteL5SQ,50212
R_OcVykeeDDaGy9Il,46491
R_2cBkJA5c59Q2TAl,49842
R_27dssk21SWP0ttA,48586
R_QofC1SzBUmM12zT,46648
R_265D3QNOCsYY0Fz,44136
R_bdq99cEi4Ava3hD,47438
R_1M08un0La2KlQYt,50082
R_3iWQebGXwUNMqAQ,49741
R_2WSDqPXKZsxtQW4,45136
R_3oWInUwEPlsWsiK,37704
R_1n8EggrsqFr2Nrm,49233
R_1rqeIMzj02KSOXJ,48007
R_3CUvmuljJqpVhHb,39278
R_3PLFO02ZLHHG0ij,46665
R_25Mgh5BGdGiL7yi,49885
R_2YFYn00zF2k1v6n,44477
R_rqZB9tVht2WDx05,41507
R_pDCa6bm14YB7BQJ,50119
R_3ff3l1W4biFhTzj,41859
R_3qrmBCT95ZpYqFt,51770
R_2YaBfSVp7wnUBZX,47651
R_2WxsBQU53MiA3KS,30315
R_2DZ9vqFZVkD0ogq,46411
R_2B42mI8jCfeyE8T,38384
R_1pLiXujjxmUDx7w,46509
R_scBSUoVU0EkONJn,47782
R_TgTrOd3Gv2sOcHD,51600
R_vPvlBXiBVp2rXUd,49346
R_7TAR9NHwLw7T13X,49932
R_2VmrhF2nDN3HAII,42617
R_3P4z61lUy2gtv9N,48215
R_2TT8ArCt1Ai5eUa,38745
R_23Ttj7msQXJPFMM,47212
R_2bWprzl7jcPXxzS,50313
R_r11DXP6C331wvap,48510
R_3IVOkfWXilHTO6z,48886
R_3fpbhxfUMRSo5Ec,26595
R_2Vq06kABR1SKjfw,41641
R_3HFF4yt5ytv7ApP,49043
R_1l0Ngpt00rlRSiP,51560
R_2VrUCDJl5Dfkr4a,41029
R_3nUH4al4TFpQuME,51444
R_3PZ8uIJ4Xr4cZou,44881
R_2fcA5HpyT8mlkt2,48550
R_xhlaHtfwmzofog9,50719
R_2viiF9oxS6MIqfE,50835
R_31sbMJpEyZDk3qz,50890
R_2uNDfX03TfpgetG,
R_1eLGDu6J98jbKJK,44269
R_2S6P4JimU0dD7Wo,cbafsj
R_3nHM76YoUpTKhL8,
R_1Q0FdJBlLs0f6RK,43294
R_1mt0rMBqsnKlNdy,49835
R_rkeRfHCPIpOq5rz,
R_2AFH4QXSyzxHfn0,50647
R_1o5b5MBJggCz4mU,
R_2rVzBXEmEEYnyEN,44463
R_2zvGZSix6wk2Jgc,51764
R_bK2ogSICVcDny5X,45849
R_2zMedHLSd1Eod12,43187
R_2DTUyo3ExqNp6SO,47886
R_3gLXrJcoBLNUOTe,48685
R_3kkeCMYSOWv977q,49218
R_390pHQ1Wly1O4sp,48088
R_2DOy7Z3scOAD0pa,49760
R_3MLoCu9ws3E6sYO,48590
R_1QyJ0pilsFJ0swl,50355
R_1kYAEG8tRIWKlIO,40888
R_2txlwQhJs79Jboc,50599
R_zTKkJY3w5gECizv,50911
R_1JENz5lBOsh5TnQ,49390
R_ANmLcoR6FT10vmN,
R_3k812GTjlDzYvJ4,48869
R_27Ip87mAk3jVnpQ,44174
R_1MYzxGeHPtduIEO,47512
R_1mFdfa24Ifg7nRh,
R_PXkwps9qv3WYb8R,50066
R_3oGYtqzYsbdnUeC,48301
R_1gGu2iJ11qT8imV,50238
R_1eRTIxB4ZGiSOWF,50321
R_ANTNojFR2mSNuIV,45987
R_1rIWpGp4KYyybNx,45069
R_3CUjVgYmsb9IaYm,47012
R_OIEM9WDBZTV40xz,48857
R_2ZW8HlX1lbSIH9X,41769
R_1GZzief0TiHBUMT,41736
R_8CgofB9ocF2psAh,41885
R_12DLX8W6ZpfZFG1,44633
R_323ZBHilkDS0pKm,43801
R_3NUHkQjHQbyHQL0,51838
R_41SczUnYWhQJfB7,43055
R_3EtDHhl1PreLA1S,50045
R_3iUTNoq5ZDTBMa0,50320
R_3DjWr3qBMg0CzGq,45887
R_2y4rtVqX3SaMS9y,47422
R_2SBKh3xBOQBoDkP,46710
R_73ZIdPS4iLWO0fv,46206
R_3DJ5Eced09Go1ln,
R_2R4G7Ims8ORpifG,46465
R_1LpABwLp1oCDzxI,46750
R_2WuQQPpSFui4PkM,49805
R_3oKD8rKxyCCX8a8,43114
R_yklRfhpPsD6xc9r,49402
R_1OT5yZB6JI6swMK,cbafsj
R_22n46JJfqTQ4e79,50792
R_1K7S6sXoiV8Sg39,50621
R_330XHwja945dTTr,50226
R_1juCoeLvUPAIcvK,46499
R_2Vwqmw6deyRGeeF,
R_3CHiaUqjaMnRLPj,48627
R_RVKsSBP2Hcu9g9H,38557
R_3COyHCfnGxpyLtG,
R_2xQQgHoESEI1qhq,50551
R_2fDvNhhNcZsR2s8,42079
R_2fBYia1KP4bbvHw,51517
R_2X4l5LRW7SNsoTE,51669
R_OrtkqAxVpv2TYSB,50062
R_OfJlXcXkwHttJC1,46429
R_zTKeFpVhVNAZPjj,cbafsj
R_2Qna2x6aoB7vnYJ,cbafsj
R_3HUeHFV9TDybCKt,46748
R_2ALMViZlm0IsrMK,48696
R_1P1P0FrMIHqNNrZ,50111
R_xo4moGZrzdmO9k5,
R_2VdOyXEFYbbgwEL,48046
R_Bx3hhFvBdZ6I5hv,48191
R_1od640c7QuyZkqH,45919
R_2Sjdhnx1zXJpCTn,41754
R_2RWeTsMt53Wj6Gb,50315
R_1E6Y207cj3ZVUY0,cbafsj
R_1SoQt84fMDFIhyx,50247
R_2robMD3XXX9D2Bu,41268
R_BKANTYKccg22UiB,
R_2eWDqK2T8VPzvnV,50081
R_241s1PBhHLEk5Zx,45551
R_1ffQUE39U52I1nC,
R_1LInCHYpUbN5JSW,44367
R_2OMGVKAIAUF6HxF,
R_eeP6pibw9IfnL7b,50819
R_32MbiLAtvgYzUtr,44413
R_PwBXo9vrIRQ1zjP,42848
R_pylG2jtAWpVqv7z,48921
R_uaJBf9GXEPqGhQB,50278
R_3R2toVjHQXoXujM,51530
R_2B4ckUNwALw4l4F,47120
R_ANXiLpj1CpvYJ7r,
R_ZftKkX5PpzR7K9j,50391
R_3g5Bx2RRMIYEOXk,49728
R_eaeQSu0diHxXEoF,44628
R_1M5tqR4F5l8i6bD,45596
R_2S7UkYizCwHgcbg,49792
R_3ptfvbSUAgnUgRX,41145
R_s5mPvGQSTuRqK9b,50605
R_3p46xDCrHjvSeEz,49427
R_DwadBxOBgdgadrz,cbafsj
R_vTaihJ4i8CxUA5r,cbafsj
R_3kc8dbHuoIeq6EJ,
R_3HB4TMARIa85lic,
R_3FPT5YZrfijuVhX,
R_yyaL7hTENbiABkB,
R_2BlcjDxd8DaWZio,cbafsj
R_3rJpZq7KiJ8aUqE,cbafsj
R_2BnQgwlIVqLvDsh,
R_3iR0mQKtai05JfA,50870
R_0js79IbJxViz1br,41334
R_Bsry57zCyOkn4rf,50350
R_1LoCz8U1QLPfvf7,48861
R_1OAByytUGVrtU3e,44924
R_2EcQW56tjOPtrWF,46230
R_1jpO6V8OyH70Puf,27836
R_1IWBZGdJhZOx3Il,cbafsj
R_1q9Xbxed7qcaFaC,37749
R_31Em0EIkKzVKB30,48169
R_3FVRu3ajMS8Gbhq,46302
R_WlIiASYbZ3llMI1,50505
R_SCC2suaaTG0OHjX,
R_1fg4AASy8QJkHqf,47238
R_2ZKzLg72DeO0riO,50760
R_3L6CoZsTZE2vuJL,42949
R_3fpfLiKAQ3dLMLO,cbafsj
R_3O7C6CQf3NqUJQg,42229
R_1K7oLMNfOVqoOIZ,49099
R_5A15gNBBCJSpyNj,49616
R_3n7UMXoH9ReOyT2,39326
R_2rTLNtoVChjZcvv,50466
R_OcAGIq5Us31oaKR,40844
R_Zldzxp6SMCWVLnb,48699
R_2D06wAyXvJYHF96,49469
R_2OOKaIVNLSfD1KB,46677
R_2ahSZnKA3FOVNua,46999
R_1pQnxaBOiZ4KPO6,47572
R_3fHmO1ELhM0yus9,47052
R_r9EcNUZtqF1VaBH,49472
R_2z7NpnClY5zvxFR,45246
R_1etpn9eu8cvWcEe,44507
R_UGE22Mhs3e64snL,50221
R_3peZG8sHELy9Wt7,46695
R_2hjZnuoyCjnzzuF,50440
R_1IB4r7wyRyVeAMJ,51655
R_BzGsBlIyD0omH4Z,50017
R_3CNuzgRTSRdbMp0,41231
